time,original,filtered
0.000000,0.000000,0.000000
0.001000,0.784545,0.000000
0.002000,0.881678,-0.001648
0.003000,0.515124,-0.006794
0.004000,0.475528,-0.015737
0.005000,1.000000,-0.024200
0.006000,1.426585,-0.022004
0.007000,1.102910,0.003749
0.008000,0.293893,0.063099
0.009000,-0.166511,0.159511
0.010000,-0.000000,0.289164
0.011000,0.166511,0.442136
0.012000,-0.293893,0.602388
0.013000,-1.102910,0.747964
0.014000,-1.426585,0.853236
0.015000,-1.000000,0.894688
0.016000,-0.475528,0.856851
0.017000,-0.515124,0.735782
0.018000,-0.881678,0.539281
0.019000,-0.784545,0.285278
0.020000,-0.000000,-0.000000
0.021000,0.784545,-0.285278
0.022000,0.881678,-0.540928
0.023000,0.515124,-0.742576
0.024000,0.475528,-0.872588
0.025000,1.000000,-0.918888
0.026000,1.426585,-0.875240
0.027000,1.102910,-0.744215
0.028000,0.293893,-0.539289
0.029000,-0.166511,-0.282626
0.030000,-0.000000,-0.000000
0.031000,0.166511,0.282626
0.032000,-0.293893,0.539289
0.033000,-1.102910,0.744215
0.034000,-1.426585,0.875240
0.035000,-1.000000,0.918888
0.036000,-0.475528,0.872588
0.037000,-0.515124,0.742576
0.038000,-0.881678,0.540928
0.039000,-0.784545,0.285278
0.040000,-0.000000,0.000000
0.041000,0.784545,-0.285278
0.042000,0.881678,-0.540928
0.043000,0.515124,-0.742576
0.044000,0.475528,-0.872588
0.045000,1.000000,-0.918888
0.046000,1.426585,-0.875240
0.047000,1.102910,-0.744215
0.048000,0.293893,-0.539289
0.049000,-0.166511,-0.282626
0.050000,0.000000,0.000000
0.051000,0.166511,0.282626
0.052000,-0.293893,0.539289
0.053000,-1.102910,0.744215
0.054000,-1.426585,0.875240
0.055000,-1.000000,0.918888
0.056000,-0.475528,0.872588
0.057000,-0.515124,0.742576
0.058000,-0.881678,0.540928
0.059000,-0.784545,0.285278
0.060000,-0.000000,0.000000
0.061000,0.784545,-0.285278
0.062000,0.881678,-0.540928
0.063000,0.515124,-0.742576
0.064000,0.475528,-0.872588
0.065000,1.000000,-0.918888
0.066000,1.426585,-0.875240
0.067000,1.102910,-0.744215
0.068000,0.293893,-0.539289
0.069000,-0.166511,-0.282626
0.070000,0.000000,-0.000000
0.071000,0.166511,0.282626
0.072000,-0.293893,0.539289
0.073000,-1.102910,0.744215
0.074000,-1.426585,0.875240
0.075000,-1.000000,0.918888
0.076000,-0.475528,0.872588
0.077000,-0.515124,0.742576
0.078000,-0.881678,0.540928
0.079000,-0.784545,0.285278
0.080000,-0.000000,0.000000
0.081000,0.784545,-0.285278
0.082000,0.881678,-0.540928
0.083000,0.515124,-0.742576
0.084000,0.475528,-0.872588
0.085000,1.000000,-0.918888
0.086000,1.426585,-0.875240
0.087000,1.102910,-0.744215
0.088000,0.293893,-0.539289
0.089000,-0.166511,-0.282626
0.090000,-0.000000,-0.000000
0.091000,0.166511,0.282626
0.092000,-0.293893,0.539289
0.093000,-1.102910,0.744215
0.094000,-1.426585,0.875240
0.095000,-1.000000,0.918888
0.096000,-0.475528,0.872588
0.097000,-0.515124,0.742576
0.098000,-0.881678,0.540928
0.099000,-0.784545,0.285278
0.100000,0.000000,0.000000
0.101000,0.784545,-0.285278
0.102000,0.881678,-0.540928
0.103000,0.515124,-0.742576
0.104000,0.475528,-0.872588
0.105000,1.000000,-0.918888
0.106000,1.426585,-0.875240
0.107000,1.102910,-0.744215
0.108000,0.293893,-0.539289
0.109000,-0.166511,-0.282626
0.110000,0.000000,0.000000
0.111000,0.166511,0.282626
0.112000,-0.293893,0.539289
0.113000,-1.102910,0.744215
0.114000,-1.426585,0.875240
0.115000,-1.000000,0.918888
0.116000,-0.475528,0.872588
0.117000,-0.515124,0.742576
0.118000,-0.881678,0.540928
0.119000,-0.784545,0.285278
0.120000,-0.000000,0.000000
0.121000,0.784545,-0.285278
0.122000,0.881678,-0.540928
0.123000,0.515124,-0.742576
0.124000,0.475528,-0.872588
0.125000,1.000000,-0.918888
0.126000,1.426585,-0.875240
0.127000,1.102910,-0.744215
0.128000,0.293893,-0.539289
0.129000,-0.166511,-0.282626
0.130000,0.000000,-0.000000
0.131000,0.166511,0.282626
0.132000,-0.293893,0.539289
0.133000,-1.102910,0.744215
0.134000,-1.426585,0.875240
0.135000,-1.000000,0.918888
0.136000,-0.475528,0.872588
0.137000,-0.515124,0.742576
0.138000,-0.881678,0.540928
0.139000,-0.784545,0.285278
0.140000,0.000000,-0.000000
0.141000,0.784545,-0.285278
0.142000,0.881678,-0.540928
0.143000,0.515124,-0.742576
0.144000,0.475528,-0.872588
0.145000,1.000000,-0.918888
0.146000,1.426585,-0.875240
0.147000,1.102910,-0.744215
0.148000,0.293893,-0.539289
0.149000,-0.166511,-0.282626
0.150000,0.000000,0.000000
0.151000,0.166511,0.282626
0.152000,-0.293893,0.539289
0.153000,-1.102910,0.744215
0.154000,-1.426585,0.875240
0.155000,-1.000000,0.918888
0.156000,-0.475528,0.872588
0.157000,-0.515124,0.742576
0.158000,-0.881678,0.540928
0.159000,-0.784545,0.285278
0.160000,-0.000000,0.000000
0.161000,0.784545,-0.285278
0.162000,0.881678,-0.540928
0.163000,0.515124,-0.742576
0.164000,0.475528,-0.872588
0.165000,1.000000,-0.918888
0.166000,1.426585,-0.875240
0.167000,1.102910,-0.744215
0.168000,0.293893,-0.539289
0.169000,-0.166511,-0.282626
0.170000,0.000000,-0.000000
0.171000,0.166511,0.282626
0.172000,-0.293893,0.539289
0.173000,-1.102910,0.744215
0.174000,-1.426585,0.875240
0.175000,-1.000000,0.918888
0.176000,-0.475528,0.872588
0.177000,-0.515124,0.742576
0.178000,-0.881678,0.540928
0.179000,-0.784545,0.285278
0.180000,-0.000000,-0.000000
0.181000,0.784545,-0.285278
0.182000,0.881678,-0.540928
0.183000,0.515124,-0.742576
0.184000,0.475528,-0.872588
0.185000,1.000000,-0.918888
0.186000,1.426585,-0.875240
0.187000,1.102910,-0.744215
0.188000,0.293893,-0.539289
0.189000,-0.166511,-0.282626
0.190000,0.000000,-0.000000
0.191000,0.166511,0.282626
0.192000,-0.293893,0.539289
0.193000,-1.102910,0.744215
0.194000,-1.426585,0.875240
0.195000,-1.000000,0.918888
0.196000,-0.475528,0.872588
0.197000,-0.515124,0.742576
0.198000,-0.881678,0.540928
0.199000,-0.784545,0.285278
0.200000,0.000000,-0.000000
0.201000,0.784545,-0.285278
0.202000,0.881678,-0.540928
0.203000,0.515124,-0.742576
0.204000,0.475528,-0.872588
0.205000,1.000000,-0.918888
0.206000,1.426585,-0.875240
0.207000,1.102910,-0.744215
0.208000,0.293893,-0.539289
0.209000,-0.166511,-0.282626
0.210000,0.000000,0.000000
0.211000,0.166511,0.282626
0.212000,-0.293893,0.539289
0.213000,-1.102910,0.744215
0.214000,-1.426585,0.875240
0.215000,-1.000000,0.918888
0.216000,-0.475528,0.872588
0.217000,-0.515124,0.742576
0.218000,-0.881678,0.540928
0.219000,-0.784545,0.285278
0.220000,0.000000,0.000000
0.221000,0.784545,-0.285278
0.222000,0.881678,-0.540928
0.223000,0.515124,-0.742576
0.224000,0.475528,-0.872588
0.225000,1.000000,-0.918888
0.226000,1.426585,-0.875240
0.227000,1.102910,-0.744215
0.228000,0.293893,-0.539289
0.229000,-0.166511,-0.282626
0.230000,0.000000,0.000000
0.231000,0.166511,0.282626
0.232000,-0.293893,0.539289
0.233000,-1.102910,0.744215
0.234000,-1.426585,0.875240
0.235000,-1.000000,0.918888
0.236000,-0.475528,0.872588
0.237000,-0.515124,0.742576
0.238000,-0.881678,0.540928
0.239000,-0.784545,0.285278
0.240000,-0.000000,-0.000000
0.241000,0.784545,-0.285278
0.242000,0.881678,-0.540928
0.243000,0.515124,-0.742576
0.244000,0.475528,-0.872588
0.245000,1.000000,-0.918888
0.246000,1.426585,-0.875240
0.247000,1.102910,-0.744215
0.248000,0.293893,-0.539289
0.249000,-0.166511,-0.282626
0.250000,0.000000,-0.000000
0.251000,0.166511,0.282626
0.252000,-0.293893,0.539289
0.253000,-1.102910,0.744215
0.254000,-1.426585,0.875240
0.255000,-1.000000,0.918888
0.256000,-0.475528,0.872588
0.257000,-0.515124,0.742576
0.258000,-0.881678,0.540928
0.259000,-0.784545,0.285278
0.260000,0.000000,-0.000000
0.261000,0.784545,-0.285278
0.262000,0.881678,-0.540928
0.263000,0.515124,-0.742576
0.264000,0.475528,-0.872588
0.265000,1.000000,-0.918888
0.266000,1.426585,-0.875240
0.267000,1.102910,-0.744215
0.268000,0.293893,-0.539289
0.269000,-0.166511,-0.282626
0.270000,0.000000,0.000000
0.271000,0.166511,0.282626
0.272000,-0.293893,0.539289
0.273000,-1.102910,0.744215
0.274000,-1.426585,0.875240
0.275000,-1.000000,0.918888
0.276000,-0.475528,0.872588
0.277000,-0.515124,0.742576
0.278000,-0.881678,0.540928
0.279000,-0.784545,0.285278
0.280000,0.000000,-0.000000
0.281000,0.784545,-0.285278
0.282000,0.881678,-0.540928
0.283000,0.515124,-0.742576
0.284000,0.475528,-0.872588
0.285000,1.000000,-0.918888
0.286000,1.426585,-0.875240
0.287000,1.102910,-0.744215
0.288000,0.293893,-0.539289
0.289000,-0.166511,-0.282626
0.290000,0.000000,0.000000
0.291000,0.166511,0.282626
0.292000,-0.293893,0.539289
0.293000,-1.102910,0.744215
0.294000,-1.426585,0.875240
0.295000,-1.000000,0.918888
0.296000,-0.475528,0.872588
0.297000,-0.515124,0.742576
0.298000,-0.881678,0.540928
0.299000,-0.784545,0.285278
0.300000,0.000000,0.000000
0.301000,0.784545,-0.285278
0.302000,0.881678,-0.540928
0.303000,0.515124,-0.742576
0.304000,0.475528,-0.872588
0.305000,1.000000,-0.918888
0.306000,1.426585,-0.875240
0.307000,1.102910,-0.744215
0.308000,0.293893,-0.539289
0.309000,-0.166511,-0.282626
0.310000,0.000000,0.000000
0.311000,0.166511,0.282626
0.312000,-0.293893,0.539289
0.313000,-1.102910,0.744215
0.314000,-1.426585,0.875240
0.315000,-1.000000,0.918888
0.316000,-0.475528,0.872588
0.317000,-0.515124,0.742576
0.318000,-0.881678,0.540928
0.319000,-0.784545,0.285278
0.320000,-0.000000,0.000000
0.321000,0.784545,-0.285278
0.322000,0.881678,-0.540928
0.323000,0.515124,-0.742576
0.324000,0.475528,-0.872588
0.325000,1.000000,-0.918888
0.326000,1.426585,-0.875240
0.327000,1.102910,-0.744215
0.328000,0.293893,-0.539289
0.329000,-0.166511,-0.282626
0.330000,-0.000000,-0.000000
0.331000,0.166511,0.282626
0.332000,-0.293893,0.539289
0.333000,-1.102910,0.744215
0.334000,-1.426585,0.875240
0.335000,-1.000000,0.918888
0.336000,-0.475528,0.872588
0.337000,-0.515124,0.742576
0.338000,-0.881678,0.540928
0.339000,-0.784545,0.285278
0.340000,0.000000,-0.000000
0.341000,0.784545,-0.285278
0.342000,0.881678,-0.540928
0.343000,0.515124,-0.742576
0.344000,0.475528,-0.872588
0.345000,1.000000,-0.918888
0.346000,1.426585,-0.875240
0.347000,1.102910,-0.744215
0.348000,0.293893,-0.539289
0.349000,-0.166511,-0.282626
0.350000,-0.000000,-0.000000
0.351000,0.166511,0.282626
0.352000,-0.293893,0.539289
0.353000,-1.102910,0.744215
0.354000,-1.426585,0.875240
0.355000,-1.000000,0.918888
0.356000,-0.475528,0.872588
0.357000,-0.515124,0.742576
0.358000,-0.881678,0.540928
0.359000,-0.784545,0.285278
0.360000,-0.000000,0.000000
0.361000,0.784545,-0.285278
0.362000,0.881678,-0.540928
0.363000,0.515124,-0.742576
0.364000,0.475528,-0.872588
0.365000,1.000000,-0.918888
0.366000,1.426585,-0.875240
0.367000,1.102910,-0.744215
0.368000,0.293893,-0.539289
0.369000,-0.166511,-0.282626
0.370000,-0.000000,-0.000000
0.371000,0.166511,0.282626
0.372000,-0.293893,0.539289
0.373000,-1.102910,0.744215
0.374000,-1.426585,0.875240
0.375000,-1.000000,0.918888
0.376000,-0.475528,0.872588
0.377000,-0.515124,0.742576
0.378000,-0.881678,0.540928
0.379000,-0.784545,0.285278
0.380000,0.000000,0.000000
0.381000,0.784545,-0.285278
0.382000,0.881678,-0.540928
0.383000,0.515124,-0.742576
0.384000,0.475528,-0.872588
0.385000,1.000000,-0.918888
0.386000,1.426585,-0.875240
0.387000,1.102910,-0.744215
0.388000,0.293893,-0.539289
0.389000,-0.166511,-0.282626
0.390000,0.000000,0.000000
0.391000,0.166511,0.282626
0.392000,-0.293893,0.539289
0.393000,-1.102910,0.744215
0.394000,-1.426585,0.875240
0.395000,-1.000000,0.918888
0.396000,-0.475528,0.872588
0.397000,-0.515124,0.742576
0.398000,-0.881678,0.540928
0.399000,-0.784545,0.285278
0.400000,0.000000,-0.000000
0.401000,0.784545,-0.285278
0.402000,0.881678,-0.540928
0.403000,0.515124,-0.742576
0.404000,0.475528,-0.872588
0.405000,1.000000,-0.918888
0.406000,1.426585,-0.875240
0.407000,1.102910,-0.744215
0.408000,0.293893,-0.539289
0.409000,-0.166511,-0.282626
0.410000,-0.000000,0.000000
0.411000,0.166511,0.282626
0.412000,-0.293893,0.539289
0.413000,-1.102910,0.744215
0.414000,-1.426585,0.875240
0.415000,-1.000000,0.918888
0.416000,-0.475528,0.872588
0.417000,-0.515124,0.742576
0.418000,-0.881678,0.540928
0.419000,-0.784545,0.285278
0.420000,0.000000,0.000000
0.421000,0.784545,-0.285278
0.422000,0.881678,-0.540928
0.423000,0.515124,-0.742576
0.424000,0.475528,-0.872588
0.425000,1.000000,-0.918888
0.426000,1.426585,-0.875240
0.427000,1.102910,-0.744215
0.428000,0.293893,-0.539289
0.429000,-0.166511,-0.282626
0.430000,-0.000000,-0.000000
0.431000,0.166511,0.282626
0.432000,-0.293893,0.539289
0.433000,-1.102910,0.744215
0.434000,-1.426585,0.875240
0.435000,-1.000000,0.918888
0.436000,-0.475528,0.872588
0.437000,-0.515124,0.742576
0.438000,-0.881678,0.540928
0.439000,-0.784545,0.285278
0.440000,0.000000,0.000000
0.441000,0.784545,-0.285278
0.442000,0.881678,-0.540928
0.443000,0.515124,-0.742576
0.444000,0.475528,-0.872588
0.445000,1.000000,-0.918888
0.446000,1.426585,-0.875240
0.447000,1.102910,-0.744215
0.448000,0.293893,-0.539289
0.449000,-0.166511,-0.282626
0.450000,-0.000000,0.000000
0.451000,0.166511,0.282626
0.452000,-0.293893,0.539289
0.453000,-1.102910,0.744215
0.454000,-1.426585,0.875240
0.455000,-1.000000,0.918888
0.456000,-0.475528,0.872588
0.457000,-0.515124,0.742576
0.458000,-0.881678,0.540928
0.459000,-0.784545,0.285278
0.460000,0.000000,-0.000000
0.461000,0.784545,-0.285278
0.462000,0.881678,-0.540928
0.463000,0.515124,-0.742576
0.464000,0.475528,-0.872588
0.465000,1.000000,-0.918888
0.466000,1.426585,-0.875240
0.467000,1.102910,-0.744215
0.468000,0.293893,-0.539289
0.469000,-0.166511,-0.282626
0.470000,0.000000,0.000000
0.471000,0.166511,0.282626
0.472000,-0.293893,0.539289
0.473000,-1.102910,0.744215
0.474000,-1.426585,0.875240
0.475000,-1.000000,0.918888
0.476000,-0.475528,0.872588
0.477000,-0.515124,0.742576
0.478000,-0.881678,0.540928
0.479000,-0.784545,0.285278
0.480000,-0.000000,0.000000
0.481000,0.784545,-0.285278
0.482000,0.881678,-0.540928
0.483000,0.515124,-0.742576
0.484000,0.475528,-0.872588
0.485000,1.000000,-0.918888
0.486000,1.426585,-0.875240
0.487000,1.102910,-0.744215
0.488000,0.293893,-0.539289
0.489000,-0.166511,-0.282626
0.490000,0.000000,-0.000000
0.491000,0.166511,0.282626
0.492000,-0.293893,0.539289
0.493000,-1.102910,0.744215
0.494000,-1.426585,0.875240
0.495000,-1.000000,0.918888
0.496000,-0.475528,0.872588
0.497000,-0.515124,0.742576
0.498000,-0.881678,0.540928
0.499000,-0.784545,0.285278
0.500000,0.000000,0.000000
0.501000,0.784545,-0.285278
0.502000,0.881678,-0.540928
0.503000,0.515124,-0.742576
0.504000,0.475528,-0.872588
0.505000,1.000000,-0.918888
0.506000,1.426585,-0.875240
0.507000,1.102910,-0.744215
0.508000,0.293893,-0.539289
0.509000,-0.166511,-0.282626
0.510000,-0.000000,0.000000
0.511000,0.166511,0.282626
0.512000,-0.293893,0.539289
0.513000,-1.102910,0.744215
0.514000,-1.426585,0.875240
0.515000,-1.000000,0.918888
0.516000,-0.475528,0.872588
0.517000,-0.515124,0.742576
0.518000,-0.881678,0.540928
0.519000,-0.784545,0.285278
0.520000,0.000000,-0.000000
0.521000,0.784545,-0.285278
0.522000,0.881678,-0.540928
0.523000,0.515124,-0.742576
0.524000,0.475528,-0.872588
0.525000,1.000000,-0.918888
0.526000,1.426585,-0.875240
0.527000,1.102910,-0.744215
0.528000,0.293893,-0.539289
0.529000,-0.166511,-0.282626
0.530000,-0.000000,0.000000
0.531000,0.166511,0.282626
0.532000,-0.293893,0.539289
0.533000,-1.102910,0.744215
0.534000,-1.426585,0.875240
0.535000,-1.000000,0.918888
0.536000,-0.475528,0.872588
0.537000,-0.515124,0.742576
0.538000,-0.881678,0.540928
0.539000,-0.784545,0.285278
0.540000,0.000000,-0.000000
0.541000,0.784545,-0.285278
0.542000,0.881678,-0.540928
0.543000,0.515124,-0.742576
0.544000,0.475528,-0.872588
0.545000,1.000000,-0.918888
0.546000,1.426585,-0.875240
0.547000,1.102910,-0.744215
0.548000,0.293893,-0.539289
0.549000,-0.166511,-0.282626
0.550000,0.000000,0.000000
0.551000,0.166511,0.282626
0.552000,-0.293893,0.539289
0.553000,-1.102910,0.744215
0.554000,-1.426585,0.875240
0.555000,-1.000000,0.918888
0.556000,-0.475528,0.872588
0.557000,-0.515124,0.742576
0.558000,-0.881678,0.540928
0.559000,-0.784545,0.285278
0.560000,0.000000,-0.000000
0.561000,0.784545,-0.285278
0.562000,0.881678,-0.540928
0.563000,0.515124,-0.742576
0.564000,0.475528,-0.872588
0.565000,1.000000,-0.918888
0.566000,1.426585,-0.875240
0.567000,1.102910,-0.744215
0.568000,0.293893,-0.539289
0.569000,-0.166511,-0.282626
0.570000,-0.000000,0.000000
0.571000,0.166511,0.282626
0.572000,-0.293893,0.539289
0.573000,-1.102910,0.744215
0.574000,-1.426585,0.875240
0.575000,-1.000000,0.918888
0.576000,-0.475528,0.872588
0.577000,-0.515124,0.742576
0.578000,-0.881678,0.540928
0.579000,-0.784545,0.285278
0.580000,0.000000,0.000000
0.581000,0.784545,-0.285278
0.582000,0.881678,-0.540928
0.583000,0.515124,-0.742576
0.584000,0.475528,-0.872588
0.585000,1.000000,-0.918888
0.586000,1.426585,-0.875240
0.587000,1.102910,-0.744215
0.588000,0.293893,-0.539289
0.589000,-0.166511,-0.282626
0.590000,-0.000000,-0.000000
0.591000,0.166511,0.282626
0.592000,-0.293893,0.539289
0.593000,-1.102910,0.744215
0.594000,-1.426585,0.875240
0.595000,-1.000000,0.918888
0.596000,-0.475528,0.872588
0.597000,-0.515124,0.742576
0.598000,-0.881678,0.540928
0.599000,-0.784545,0.285278
0.600000,0.000000,0.000000
0.601000,0.784545,-0.285278
0.602000,0.881678,-0.540928
0.603000,0.515124,-0.742576
0.604000,0.475528,-0.872588
0.605000,1.000000,-0.918888
0.606000,1.426585,-0.875240
0.607000,1.102910,-0.744215
0.608000,0.293893,-0.539289
0.609000,-0.166511,-0.282626
0.610000,-0.000000,0.000000
0.611000,0.166511,0.282626
0.612000,-0.293893,0.539289
0.613000,-1.102910,0.744215
0.614000,-1.426585,0.875240
0.615000,-1.000000,0.918888
0.616000,-0.475528,0.872588
0.617000,-0.515124,0.742576
0.618000,-0.881678,0.540928
0.619000,-0.784545,0.285278
0.620000,0.000000,0.000000
0.621000,0.784545,-0.285278
0.622000,0.881678,-0.540928
0.623000,0.515124,-0.742576
0.624000,0.475528,-0.872588
0.625000,1.000000,-0.918888
0.626000,1.426585,-0.875240
0.627000,1.102910,-0.744215
0.628000,0.293893,-0.539289
0.629000,-0.166511,-0.282626
0.630000,0.000000,0.000000
0.631000,0.166511,0.282626
0.632000,-0.293893,0.539289
0.633000,-1.102910,0.744215
0.634000,-1.426585,0.875240
0.635000,-1.000000,0.918888
0.636000,-0.475528,0.872588
0.637000,-0.515124,0.742576
0.638000,-0.881678,0.540928
0.639000,-0.784545,0.285278
0.640000,-0.000000,-0.000000
0.641000,0.784545,-0.285278
0.642000,0.881678,-0.540928
0.643000,0.515124,-0.742576
0.644000,0.475528,-0.872588
0.645000,1.000000,-0.918888
0.646000,1.426585,-0.875240
0.647000,1.102910,-0.744215
0.648000,0.293893,-0.539289
0.649000,-0.166511,-0.282626
0.650000,0.000000,-0.000000
0.651000,0.166511,0.282626
0.652000,-0.293893,0.539289
0.653000,-1.102910,0.744215
0.654000,-1.426585,0.875240
0.655000,-1.000000,0.918888
0.656000,-0.475528,0.872588
0.657000,-0.515124,0.742576
0.658000,-0.881678,0.540928
0.659000,-0.784545,0.285278
0.660000,-0.000000,-0.000000
0.661000,0.784545,-0.285278
0.662000,0.881678,-0.540928
0.663000,0.515124,-0.742576
0.664000,0.475528,-0.872588
0.665000,1.000000,-0.918888
0.666000,1.426585,-0.875240
0.667000,1.102910,-0.744215
0.668000,0.293893,-0.539289
0.669000,-0.166511,-0.282626
0.670000,0.000000,0.000000
0.671000,0.166511,0.282626
0.672000,-0.293893,0.539289
0.673000,-1.102910,0.744215
0.674000,-1.426585,0.875240
0.675000,-1.000000,0.918888
0.676000,-0.475528,0.872588
0.677000,-0.515124,0.742576
0.678000,-0.881678,0.540928
0.679000,-0.784545,0.285278
0.680000,0.000000,-0.000000
0.681000,0.784545,-0.285278
0.682000,0.881678,-0.540928
0.683000,0.515124,-0.742576
0.684000,0.475528,-0.872588
0.685000,1.000000,-0.918888
0.686000,1.426585,-0.875240
0.687000,1.102910,-0.744215
0.688000,0.293893,-0.539289
0.689000,-0.166511,-0.282626
0.690000,-0.000000,0.000000
0.691000,0.166511,0.282626
0.692000,-0.293893,0.539289
0.693000,-1.102910,0.744215
0.694000,-1.426585,0.875240
0.695000,-1.000000,0.918888
0.696000,-0.475528,0.872588
0.697000,-0.515124,0.742576
0.698000,-0.881678,0.540928
0.699000,-0.784545,0.285278
0.700000,-0.000000,0.000000
0.701000,0.784545,-0.285278
0.702000,0.881678,-0.540928
0.703000,0.515124,-0.742576
0.704000,0.475528,-0.872588
0.705000,1.000000,-0.918888
0.706000,1.426585,-0.875240
0.707000,1.102910,-0.744215
0.708000,0.293893,-0.539289
0.709000,-0.166511,-0.282626
0.710000,0.000000,-0.000000
0.711000,0.166511,0.282626
0.712000,-0.293893,0.539289
0.713000,-1.102910,0.744215
0.714000,-1.426585,0.875240
0.715000,-1.000000,0.918888
0.716000,-0.475528,0.872588
0.717000,-0.515124,0.742576
0.718000,-0.881678,0.540928
0.719000,-0.784545,0.285278
0.720000,-0.000000,0.000000
0.721000,0.784545,-0.285278
0.722000,0.881678,-0.540928
0.723000,0.515124,-0.742576
0.724000,0.475528,-0.872588
0.725000,1.000000,-0.918888
0.726000,1.426585,-0.875240
0.727000,1.102910,-0.744215
0.728000,0.293893,-0.539289
0.729000,-0.166511,-0.282626
0.730000,0.000000,0.000000
0.731000,0.166511,0.282626
0.732000,-0.293893,0.539289
0.733000,-1.102910,0.744215
0.734000,-1.426585,0.875240
0.735000,-1.000000,0.918888
0.736000,-0.475528,0.872588
0.737000,-0.515124,0.742576
0.738000,-0.881678,0.540928
0.739000,-0.784545,0.285278
0.740000,-0.000000,0.000000
0.741000,0.784545,-0.285278
0.742000,0.881678,-0.540928
0.743000,0.515124,-0.742576
0.744000,0.475528,-0.872588
0.745000,1.000000,-0.918888
0.746000,1.426585,-0.875240
0.747000,1.102910,-0.744215
0.748000,0.293893,-0.539289
0.749000,-0.166511,-0.282626
0.750000,-0.000000,-0.000000
0.751000,0.166511,0.282626
0.752000,-0.293893,0.539289
0.753000,-1.102910,0.744215
0.754000,-1.426585,0.875240
0.755000,-1.000000,0.918888
0.756000,-0.475528,0.872588
0.757000,-0.515124,0.742576
0.758000,-0.881678,0.540928
0.759000,-0.784545,0.285278
0.760000,0.000000,-0.000000
0.761000,0.784545,-0.285278
0.762000,0.881678,-0.540928
0.763000,0.515124,-0.742576
0.764000,0.475528,-0.872588
0.765000,1.000000,-0.918888
0.766000,1.426585,-0.875240
0.767000,1.102910,-0.744215
0.768000,0.293893,-0.539289
0.769000,-0.166511,-0.282626
0.770000,-0.000000,0.000000
0.771000,0.166511,0.282626
0.772000,-0.293893,0.539289
0.773000,-1.102910,0.744215
0.774000,-1.426585,0.875240
0.775000,-1.000000,0.918888
0.776000,-0.475528,0.872588
0.777000,-0.515124,0.742576
0.778000,-0.881678,0.540928
0.779000,-0.784545,0.285278
0.780000,0.000000,-0.000000
0.781000,0.784545,-0.285278
0.782000,0.881678,-0.540928
0.783000,0.515124,-0.742576
0.784000,0.475528,-0.872588
0.785000,1.000000,-0.918888
0.786000,1.426585,-0.875240
0.787000,1.102910,-0.744215
0.788000,0.293893,-0.539289
0.789000,-0.166511,-0.282626
0.790000,0.000000,0.000000
0.791000,0.166511,0.282626
0.792000,-0.293893,0.539289
0.793000,-1.102910,0.744215
0.794000,-1.426585,0.875240
0.795000,-1.000000,0.918888
0.796000,-0.475528,0.872588
0.797000,-0.515124,0.742576
0.798000,-0.881678,0.540928
0.799000,-0.784545,0.285278
0.800000,0.000000,-0.000000
0.801000,0.784545,-0.285278
0.802000,0.881678,-0.540928
0.803000,0.515124,-0.742576
0.804000,0.475528,-0.872588
0.805000,1.000000,-0.918888
0.806000,1.426585,-0.875240
0.807000,1.102910,-0.744215
0.808000,0.293893,-0.539289
0.809000,-0.166511,-0.282626
0.810000,0.000000,0.000000
0.811000,0.166511,0.282626
0.812000,-0.293893,0.539289
0.813000,-1.102910,0.744215
0.814000,-1.426585,0.875240
0.815000,-1.000000,0.918888
0.816000,-0.475528,0.872588
0.817000,-0.515124,0.742576
0.818000,-0.881678,0.540928
0.819000,-0.784545,0.285278
0.820000,-0.000000,-0.000000
0.821000,0.784545,-0.285278
0.822000,0.881678,-0.540928
0.823000,0.515124,-0.742576
0.824000,0.475528,-0.872588
0.825000,1.000000,-0.918888
0.826000,1.426585,-0.875240
0.827000,1.102910,-0.744215
0.828000,0.293893,-0.539289
0.829000,-0.166511,-0.282626
0.830000,0.000000,-0.000000
0.831000,0.166511,0.282626
0.832000,-0.293893,0.539289
0.833000,-1.102910,0.744215
0.834000,-1.426585,0.875240
0.835000,-1.000000,0.918888
0.836000,-0.475528,0.872588
0.837000,-0.515124,0.742576
0.838000,-0.881678,0.540928
0.839000,-0.784545,0.285278
0.840000,0.000000,0.000000
0.841000,0.784545,-0.285278
0.842000,0.881678,-0.540928
0.843000,0.515124,-0.742576
0.844000,0.475528,-0.872588
0.845000,1.000000,-0.918888
0.846000,1.426585,-0.875240
0.847000,1.102910,-0.744215
0.848000,0.293893,-0.539289
0.849000,-0.166511,-0.282626
0.850000,-0.000000,0.000000
0.851000,0.166511,0.282626
0.852000,-0.293893,0.539289
0.853000,-1.102910,0.744215
0.854000,-1.426585,0.875240
0.855000,-1.000000,0.918888
0.856000,-0.475528,0.872588
0.857000,-0.515124,0.742576
0.858000,-0.881678,0.540928
0.859000,-0.784545,0.285278
0.860000,-0.000000,0.000000
0.861000,0.784545,-0.285278
0.862000,0.881678,-0.540928
0.863000,0.515124,-0.742576
0.864000,0.475528,-0.872588
0.865000,1.000000,-0.918888
0.866000,1.426585,-0.875240
0.867000,1.102910,-0.744215
0.868000,0.293893,-0.539289
0.869000,-0.166511,-0.282626
0.870000,0.000000,-0.000000
0.871000,0.166511,0.282626
0.872000,-0.293893,0.539289
0.873000,-1.102910,0.744215
0.874000,-1.426585,0.875240
0.875000,-1.000000,0.918888
0.876000,-0.475528,0.872588
0.877000,-0.515124,0.742576
0.878000,-0.881678,0.540928
0.879000,-0.784545,0.285278
0.880000,0.000000,0.000000
0.881000,0.784545,-0.285278
0.882000,0.881678,-0.540928
0.883000,0.515124,-0.742576
0.884000,0.475528,-0.872588
0.885000,1.000000,-0.918888
0.886000,1.426585,-0.875240
0.887000,1.102910,-0.744215
0.888000,0.293893,-0.539289
0.889000,-0.166511,-0.282626
0.890000,0.000000,0.000000
0.891000,0.166511,0.282626
0.892000,-0.293893,0.539289
0.893000,-1.102910,0.744215
0.894000,-1.426585,0.875240
0.895000,-1.000000,0.918888
0.896000,-0.475528,0.872588
0.897000,-0.515124,0.742576
0.898000,-0.881678,0.540928
0.899000,-0.784545,0.285278
0.900000,-0.000000,-0.000000
0.901000,0.784545,-0.285278
0.902000,0.881678,-0.540928
0.903000,0.515124,-0.742576
0.904000,0.475528,-0.872588
0.905000,1.000000,-0.918888
0.906000,1.426585,-0.875240
0.907000,1.102910,-0.744215
0.908000,0.293893,-0.539289
0.909000,-0.166511,-0.282626
0.910000,-0.000000,-0.000000
0.911000,0.166511,0.282626
0.912000,-0.293893,0.539289
0.913000,-1.102910,0.744215
0.914000,-1.426585,0.875240
0.915000,-1.000000,0.918888
0.916000,-0.475528,0.872588
0.917000,-0.515124,0.742576
0.918000,-0.881678,0.540928
0.919000,-0.784545,0.285278
0.920000,0.000000,-0.000000
0.921000,0.784545,-0.285278
0.922000,0.881678,-0.540928
0.923000,0.515124,-0.742576
0.924000,0.475528,-0.872588
0.925000,1.000000,-0.918888
0.926000,1.426585,-0.875240
0.927000,1.102910,-0.744215
0.928000,0.293893,-0.539289
0.929000,-0.166511,-0.282626
0.930000,0.000000,0.000000
0.931000,0.166511,0.282626
0.932000,-0.293893,0.539289
0.933000,-1.102910,0.744215
0.934000,-1.426585,0.875240
0.935000,-1.000000,0.918888
0.936000,-0.475528,0.872588
0.937000,-0.515124,0.742576
0.938000,-0.881678,0.540928
0.939000,-0.784545,0.285278
0.940000,0.000000,-0.000000
0.941000,0.784545,-0.285278
0.942000,0.881678,-0.540928
0.943000,0.515124,-0.742576
0.944000,0.475528,-0.872588
0.945000,1.000000,-0.918888
0.946000,1.426585,-0.875240
0.947000,1.102910,-0.744215
0.948000,0.293893,-0.539289
0.949000,-0.166511,-0.282626
0.950000,-0.000000,-0.000000
0.951000,0.166511,0.282626
0.952000,-0.293893,0.539289
0.953000,-1.102910,0.744215
0.954000,-1.426585,0.875240
0.955000,-1.000000,0.918888
0.956000,-0.475528,0.872588
0.957000,-0.515124,0.742576
0.958000,-0.881678,0.540928
0.959000,-0.784545,0.285278
0.960000,-0.000000,0.000000
0.961000,0.784545,-0.285278
0.962000,0.881678,-0.540928
0.963000,0.515124,-0.742576
0.964000,0.475528,-0.872588
0.965000,1.000000,-0.918888
0.966000,1.426585,-0.875240
0.967000,1.102910,-0.744215
0.968000,0.293893,-0.539289
0.969000,-0.166511,-0.282626
0.970000,-0.000000,-0.000000
0.971000,0.166511,0.282626
0.972000,-0.293893,0.539289
0.973000,-1.102910,0.744215
0.974000,-1.426585,0.875240
0.975000,-1.000000,0.918888
0.976000,-0.475528,0.872588
0.977000,-0.515124,0.742576
0.978000,-0.881678,0.540928
0.979000,-0.784545,0.285278
0.980000,0.000000,-0.000000
0.981000,0.784545,-0.285278
0.982000,0.881678,-0.540928
0.983000,0.515124,-0.742576
0.984000,0.475528,-0.872588
0.985000,1.000000,-0.918888
0.986000,1.426585,-0.875240
0.987000,1.102910,-0.744215
0.988000,0.293893,-0.539289
0.989000,-0.166511,-0.282626
0.990000,0.000000,0.000000
0.991000,0.166511,0.282626
0.992000,-0.293893,0.539289
0.993000,-1.102910,0.744215
0.994000,-1.426585,0.875240
0.995000,-1.000000,0.918888
0.996000,-0.475528,0.872588
0.997000,-0.515124,0.742576
0.998000,-0.881678,0.540928
0.999000,-0.784545,0.285278
